﻿<?xml version="1.0"?>
<Orchard>
  <Recipe>
    <Name>Core</Name>
    <Description>A recipe providing only the core Orchard framework, with limited end-user functionality. This is useful for development scenarios.</Description>
    <Author>The Orchard Team</Author>
    <WebSite>http://orchardproject.net</WebSite>
    <Tags>developer</Tags>
    <Version>1.0</Version>
  </Recipe>

  <Feature disable="Feeds, Containers" 
           enable="Orchard.jQuery,Orchard.Alias,Orchard.Autoroute" />
  
  <Metadata>
    <Types>
      <Page ContentTypeSettings.Draftable="True" />    
    </Types>
    <Parts>
      <BodyPart BodyPartSettings.FlavorDefault="html" />
    </Parts>
  </Metadata>

  <Settings />

  <Migration features="*" />
  
  <Command>
    page create /Slug:"welcome-to-orchard" /Title:"Welcome to Orchard!" /Path:"welcome-to-orchard" /Homepage:true /Publish:true /Text:"Welcome To Orchard!" /MenuText:"Home" /MenuName:"Main Menu"
  </Command>
</Orchard>
