﻿<?xml version="1.0"?>
<Orchard>
  <Recipe>
    <Name>Default</Name>
    <Description>The default recipe for an Orchard site that includes pages, blogs, custom content types, comments, tags, widgets and basic navigation.</Description>
    <Author>The Orchard Team</Author>
    <WebSite>http://orchardproject.net</WebSite>
    <Tags></Tags>
    <Version>1.0</Version>
  </Recipe>

  <Feature enable="Orchard.Blogs,Orchard.Comments,Orchard.Tags,Orchard.Alias,Orchard.Autoroute,
                   TinyMce,Orchard.MediaLibrary,Orchard.ContentPicker,Orchard.PublishLater,
                   Orchard.jQuery,Orchard.Widgets,Orchard.ContentTypes,
                   Orchard.Scripting,Orchard.Scripting.Lightweight,PackagingServices,Orchard.Packaging,
                   Orchard.Projections,Orchard.Fields,Orchard.OutputCache,Orchard.Taxonomies,Orchard.Workflows,
                   TheThemeMachine" />

  <Metadata>
    <Types>
      <Page ContentTypeSettings.Draftable="True" TypeIndexing.Indexes="Search">
        <TagsPart />
        <LocalizationPart />
        <TitlePart/>
        <AutoroutePart />
        <MenuPart />
      </Page>
      <BlogPost ContentTypeSettings.Draftable="True" TypeIndexing.Indexes="Search">
        <CommentsPart />
        <TagsPart />
        <LocalizationPart />
        <TitlePart/>
        <AutoroutePart />
      </BlogPost>
    </Types>
    <Parts>
      <BodyPart BodyPartSettings.FlavorDefault="html" />
    </Parts>
  </Metadata>

  <Settings />

  <Migration features="*" />

  <Command>
    layer create Default /LayerRule:"true" /Description:"The widgets in this layer are displayed on all pages"
    layer create Authenticated /LayerRule:"authenticated" /Description:"The widgets in this layer are displayed when the user is authenticated"
    layer create Anonymous /LayerRule:"not authenticated" /Description:"The widgets in this layer are displayed when the user is anonymous"
    layer create Disabled /LayerRule:"false" /Description:"The widgets in this layer are never displayed"
    layer create TheHomepage /LayerRule:"url '~/'" /Description:"The widgets in this layer are displayed on the home page"
    widget create HtmlWidget /Title:"First Leader Aside" /Zone:"TripelFirst" /Position:"5" /Layer:"TheHomepage" /Identity:"SetupHtmlWidget1" /UseLoremIpsumText:true
    widget create HtmlWidget /Title:"Second Leader Aside" /Zone:"TripelSecond" /Position:"5" /Layer:"TheHomepage" /Identity:"SetupHtmlWidget2" /UseLoremIpsumText:true
    widget create HtmlWidget /Title:"Third Leader Aside" /Zone:"TripelThird" /Position:"5" /Layer:"TheHomepage" /Identity:"SetupHtmlWidget3" /UseLoremIpsumText:true
    site setting set baseurl
    menu create /MenuName:"Main Menu"
    page create /Slug:"welcome-to-orchard" /Title:"Welcome to Orchard!" /Path:"welcome-to-orchard" /Homepage:true /Publish:true /UseWelcomeText:true /MenuText:"Home" /MenuName:"Main Menu"
    widget create MenuWidget /Title:"Main Menu" /RenderTitle:false /Zone:"Navigation" /Position:"1" /Layer:"Default" /Identity:"MenuWidget1" /MenuName:"Main Menu"
    theme activate "The Theme Machine"
  </Command>
</Orchard>
