﻿<?xml version="1.0" encoding="utf-8"?>
<doc>
  <assembly>
    <name>Microsoft.ApplicationServer.Caching.AzureCommon</name>
  </assembly>
  <members>
    <member name="T:Microsoft.ApplicationServer.Caching.AzureCommon.CacheDiagnostics">
      <summary>Used to configure cache diagnostics.</summary>
    </member>
    <member name="M:Microsoft.ApplicationServer.Caching.AzureCommon.CacheDiagnostics.ConfigureDiagnostics(Microsoft.WindowsAzure.Diagnostics.DiagnosticMonitorConfiguration)">
      <summary>Configures cache diagnostics using the specified diagnostic monitor configuration.</summary>
      <returns>Returns <see cref="T:Microsoft.WindowsAzure.Diagnostics.DiagnosticMonitorConfiguration" />.</returns>
      <param name="diagnosticMonitorConfig">A DiagnosticMonitorConfiguration object that provides a custom initial configuration.</param>
    </member>
    <member name="M:Microsoft.ApplicationServer.Caching.AzureCommon.CacheDiagnostics.ConfigureDiagnostics(System.String,Microsoft.WindowsAzure.Diagnostics.DiagnosticMonitorConfiguration)">
      <summary>Configures cache diagnostics using the specified diagnostic monitor configuration.</summary>
      <returns>Returns <see cref="T:Microsoft.WindowsAzure.Diagnostics.DiagnosticMonitorConfiguration" />.</returns>
      <param name="diagnosticsStorageAccountConfigurationSettingName">The name of a configuration setting that provides a connection string to a storage account.</param>
      <param name="diagnosticMonitorConfig">A DiagnosticMonitorConfiguration object that provides a custom initial configuration.</param>
    </member>
    <member name="M:Microsoft.ApplicationServer.Caching.AzureCommon.CacheDiagnostics.ConfigureMemcacheShimCrashDumps(Microsoft.WindowsAzure.Diagnostics.DiagnosticMonitorConfiguration)">
      <summary>Configures memcache shim diagnostics using the specified diagnostic monitor configuration.</summary>
      <returns>Returns <see cref="T:Microsoft.WindowsAzure.Diagnostics.DiagnosticMonitorConfiguration" />.</returns>
      <param name="diagnosticMonitorConfig">A DiagnosticMonitorConfiguration object that provides a custom initial configuration.</param>
    </member>
  </members>
</doc>